rank,vectorizer_id,vectorizer_name,vectorizer_family,vectorizer_complexity,classifier_id,classifier_name,classifier_family,classifier_complexity,pipeline_id,status,accuracy,macro_f1,weighted_f1,precision_macro,recall_macro,train_time_sec,prediction_time_sec,model_size_kb,performance_score,efficiency_score,suitability_score,final_score,error
1,count_binary,Binary CountVectorizer,count_binary,low,ridge_classifier,Ridge Classifier,linear,low,count_binary__ridge_classifier,completed,0.75,0.750445632798574,0.7379679144385027,0.7833333333333333,0.7619047619047619,0.01177668571472168,0.001253366470336914,16.5673828125,74.84625668449198,99.52279024124147,100,86.06999922471888,
2,count_binary,Binary CountVectorizer,count_binary,low,complement_nb,Complement Naive Bayes,naive_bayes,low,count_binary__complement_nb,completed,0.7,0.6965811965811967,0.6852564102564103,0.6940476190476191,0.7142857142857143,0.0033845901489257812,0.0007996559143066406,25.8642578125,69.57371794871796,99.41442794799805,100,83.1484304613945,
3,count_word,CountVectorizer Word,count,low,complement_nb,Complement Naive Bayes,naive_bayes,low,count_word__complement_nb,completed,0.7,0.6904761904761906,0.6821428571428572,0.6880952380952382,0.7142857142857143,0.006311178207397461,0.0012373924255371094,25.8642578125,69.16071428571429,99.37060422897339,100,82.91251370293755,
4,count_binary,Binary CountVectorizer,count_binary,low,linear_svc,LinearSVC,margin_based,medium,count_binary__linear_svc,completed,0.7,0.6888888888888888,0.6733333333333333,0.7373737373737373,0.7142857142857143,0.005404949188232422,0.0011286735534667969,16.51171875,68.93333333333332,99.5696155166626,85,80.57725643666586,
5,count_binary,Binary CountVectorizer,count_binary,low,logreg_balanced,Logistic Regression Balanced,linear,low,count_binary__logreg_balanced,completed,0.65,0.6506238859180037,0.6331550802139038,0.6666666666666666,0.6666666666666666,0.012081384658813477,0.0012161731719970703,16.6875,64.78475935828878,99.5207913017273,100,80.53577590740429,
6,count_word,CountVectorizer Word,count,low,logreg_balanced,Logistic Regression Balanced,linear,low,count_word__logreg_balanced,completed,0.65,0.6506238859180037,0.6331550802139038,0.6666666666666666,0.6666666666666666,0.012774944305419922,0.0012135505676269531,16.6875,64.78475935828878,99.51678730010987,100,80.53497510708081,
7,count_binary,Binary CountVectorizer,count_binary,low,multinomial_nb,Multinomial Naive Bayes,naive_bayes,low,count_binary__multinomial_nb,completed,0.65,0.6428571428571429,0.6321428571428571,0.6404761904761905,0.6666666666666666,0.004332304000854492,0.0009038448333740234,23.4580078125,64.30357142857143,99.45061532974243,100,80.25708735166278,
8,count_word,CountVectorizer Word,count,low,random_forest_small,Small Random Forest,tree_based,high,count_word__random_forest_small,completed,0.75,0.7270955165692007,0.7134502923976609,0.8611111111111112,0.7619047619047619,0.08911347389221191,0.004529476165771484,161.4521484375,73.07748538011695,95.96450761795043,70,79.88551848265442,
9,tfidf_bigram,TF-IDF 1-2 grams,tfidf_ngram,low,random_forest_small,Small Random Forest,tree_based,high,tfidf_bigram__random_forest_small,completed,0.75,0.715099715099715,0.7047008547008546,0.8311688311688311,0.7619047619047619,0.08508610725402832,0.005202293395996094,160.5439453125,72.22649572649573,95.96646684646606,70,79.41786601886587,
10,count_binary,Binary CountVectorizer,count_binary,low,bernoulli_nb,Bernoulli Naive Bayes,naive_bayes,low,count_binary__bernoulli_nb,completed,0.65,0.6039886039886039,0.5880341880341879,0.6341991341991342,0.6666666666666666,0.004177570343017578,0.0012485980987548828,23.4736328125,61.30982905982905,99.43054603576661,100,78.6065151900593,
11,count_word,CountVectorizer Word,count,low,bernoulli_nb,Bernoulli Naive Bayes,naive_bayes,low,count_word__bernoulli_nb,completed,0.65,0.6039886039886039,0.5880341880341879,0.6341991341991342,0.6666666666666666,0.0058214664459228516,0.0024003982543945312,23.4736328125,61.30982905982905,99.3515746498108,100,78.59072091286814,
12,tfidf_word,TF-IDF Word,tfidf,low,bernoulli_nb,Bernoulli Naive Bayes,naive_bayes,low,tfidf_word__bernoulli_nb,completed,0.65,0.6039886039886039,0.5880341880341879,0.6341991341991342,0.6666666666666666,0.005408763885498047,0.0017066001892089844,25.8056640625,61.30982905982905,99.34903812408447,100,78.59021360772287,
13,tfidf_word,TF-IDF Word,tfidf,low,random_forest_small,Small Random Forest,tree_based,high,tfidf_word__random_forest_small,completed,0.7,0.7083333333333334,0.69375,0.7185185185185187,0.7142857142857143,0.08344173431396484,0.005082607269287109,152.2314453125,70.40625,96.14976425170899,70,78.4533903503418,
14,tfidf_word,TF-IDF Word,tfidf,low,logreg_balanced,Logistic Regression Balanced,linear,low,tfidf_word__logreg_balanced,completed,0.6,0.611111111111111,0.5916666666666666,0.6148148148148148,0.619047619047619,0.019633769989013672,0.0020093917846679688,19.06640625,60.541666666666664,99.38030574798584,100,78.17397781626383,
15,count_word,CountVectorizer Word,count,low,ridge_classifier,Ridge Classifier,linear,low,count_word__ridge_classifier,completed,0.6,0.6094276094276094,0.5944444444444444,0.6515151515151515,0.6111111111111112,0.014718770980834961,0.0013854503631591797,16.5673828125,60.48232323232323,99.49721269607545,100,78.16472031699287,
16,hashing_word,HashingVectorizer Word,hashing,medium,ridge_classifier,Ridge Classifier,linear,low,hashing_word__ridge_classifier,completed,0.65,0.6506238859180037,0.6331550802139038,0.6666666666666666,0.6666666666666666,0.009027957916259766,0.0015645027160644531,49.4306640625,64.78475935828878,98.86334880828858,85,78.15428740871656,
17,tfidf_char_wb,Character WB TF-IDF,char_wb_tfidf,medium,random_forest_small,Small Random Forest,tree_based,high,tfidf_char_wb__random_forest_small,completed,0.75,0.750445632798574,0.7379679144385027,0.7833333333333333,0.7619047619047619,0.1104271411895752,0.011917591094970703,265.7783203125,74.84625668449198,93.30681528091431,55,78.07680423265344,
18,count_binary,Binary CountVectorizer,count_binary,low,sgd_hinge,SGDClassifier Hinge Loss,sgd,medium,count_binary__sgd_hinge,completed,0.65,0.6179337231968811,0.5988304093567252,0.6666666666666666,0.6666666666666666,0.00668787956237793,0.0009086132049560547,16.849609375,62.308479532163744,99.56836374282838,85,76.93333649125574,
19,hashing_word,HashingVectorizer Word,hashing,medium,multinomial_nb,Multinomial Naive Bayes,naive_bayes,low,hashing_word__multinomial_nb,completed,0.65,0.6179337231968811,0.5988304093567252,0.6666666666666666,0.6666666666666666,0.0037221908569335938,0.0010478496551513672,97.3369140625,62.308479532163744,97.96805759429932,85,76.61327526154993,
20,count_word,CountVectorizer Word,count,low,multinomial_nb,Multinomial Naive Bayes,naive_bayes,low,count_word__multinomial_nb,completed,0.6,0.5704374057315235,0.5528054298642534,0.5634920634920635,0.6190476190476191,0.0053310394287109375,0.0013210773468017578,23.4580078125,57.51832579185521,99.41958896636963,100,76.51899697879429,
21,count_binary,Binary CountVectorizer,count_binary,low,passive_aggressive,Passive Aggressive Classifier,online_margin,medium,count_binary__passive_aggressive,completed,0.65,0.6039886039886039,0.5880341880341879,0.6341991341991342,0.6666666666666666,0.00799870491027832,0.0008726119995117188,16.849609375,61.30982905982905,99.56265886306764,85,76.3829377555195,
22,count_binary,Binary CountVectorizer,count_binary,low,random_forest_small,Small Random Forest,tree_based,high,count_binary__random_forest_small,completed,0.7,0.65,0.6325,0.8461538461538461,0.7142857142857143,0.08346676826477051,0.0046160221099853516,160.7646484375,65.9875,96.00694509506226,70,75.99451401901246,
23,count_word,CountVectorizer Word,count,low,linear_svc,LinearSVC,margin_based,medium,count_word__linear_svc,completed,0.6,0.6094276094276094,0.5944444444444444,0.6515151515151515,0.6111111111111112,0.007416725158691406,0.0011489391326904297,16.51171875,60.48232323232323,99.55632892608642,85,75.92654356299506,
24,tfidf_word,TF-IDF Word,tfidf,low,ridge_classifier,Ridge Classifier,linear,low,tfidf_word__ridge_classifier,completed,0.55,0.5710041592394534,0.5540998217468805,0.6,0.5634920634920635,0.015063285827636719,0.0020599365234375,18.9775390625,56.32174688057041,99.40647331237793,100,75.85825544678931,
25,hashing_word,HashingVectorizer Word,hashing,medium,logreg_balanced,Logistic Regression Balanced,linear,low,hashing_word__logreg_balanced,completed,0.6,0.611111111111111,0.5916666666666666,0.6148148148148148,0.619047619047619,0.014173030853271484,0.0016489028930664062,49.5009765625,60.541666666666664,98.82600811004639,85,75.81311828867595,
26,count_bigram,CountVectorizer 1-2 grams,count_ngram,low,bernoulli_nb,Bernoulli Naive Bayes,naive_bayes,low,count_bigram__bernoulli_nb,completed,0.6,0.547979797979798,0.5390151515151514,0.7666666666666666,0.6031746031746031,0.004880428314208984,0.0016527175903320312,63.1923828125,55.964015151515156,98.60770671844483,100,75.5017496770223,
27,hashing_char,HashingVectorizer Character,char_hashing,medium,ridge_classifier,Ridge Classifier,linear,low,hashing_char__ridge_classifier,completed,0.65,0.5907407407407407,0.5802777777777778,0.611111111111111,0.6666666666666666,0.018964767456054688,0.004973411560058594,97.4150390625,60.39861111111111,97.63950592041016,85,75.49713729519314,
28,tfidf_char,Character TF-IDF,char_tfidf,medium,random_forest_small,Small Random Forest,tree_based,high,tfidf_char__random_forest_small,completed,0.7,0.7083333333333334,0.69375,0.7185185185185184,0.7142857142857143,0.11513686180114746,0.011405229568481445,305.2001953125,70.40625,92.52086114883423,55,75.47760972976685,
29,tfidf_bigram,TF-IDF 1-2 grams,tfidf_ngram,low,bernoulli_nb,Bernoulli Naive Bayes,naive_bayes,low,tfidf_bigram__bernoulli_nb,completed,0.6,0.547979797979798,0.5390151515151514,0.7666666666666666,0.6031746031746031,0.005841970443725586,0.0017693042755126953,69.4775390625,55.964015151515156,98.46923913955689,100,75.47405616124472,
30,count_word,CountVectorizer Word,count,low,sgd_hinge,SGDClassifier Hinge Loss,sgd,medium,count_word__sgd_hinge,completed,0.6,0.5965811965811966,0.5802564102564103,0.5857142857142857,0.619047619047619,0.006593465805053711,0.0010883808135986328,16.849609375,59.49871794871795,99.55814416885377,85,75.38592370556563,
31,count_binary,Binary CountVectorizer,count_binary,low,sgd_log,SGDClassifier Logistic Loss,sgd,medium,count_binary__sgd_log,completed,0.6,0.5965811965811966,0.5802564102564103,0.5857142857142857,0.619047619047619,0.007692575454711914,0.0013301372528076172,16.828125,59.49871794871795,99.53747381210327,85,75.38178963421552,
32,count_bigram,CountVectorizer 1-2 grams,count_ngram,low,random_forest_small,Small Random Forest,tree_based,high,count_bigram__random_forest_small,completed,0.65,0.6464646464646465,0.6333333333333333,0.6818181818181818,0.6587301587301587,0.08799886703491211,0.004733085632324219,164.1396484375,64.53787878787878,95.90522869110109,70,75.17687907155354,
33,count_bigram,CountVectorizer 1-2 grams,count_ngram,low,sgd_log,SGDClassifier Logistic Loss,sgd,medium,count_bigram__sgd_log,completed,0.6,0.5783549783549783,0.5672727272727273,0.5793650793650793,0.619047619047619,0.007180213928222656,0.0011126995086669922,44.828125,58.210389610389605,98.99359424591066,85,74.56443313489642,
34,count_word,CountVectorizer Word,count,low,sgd_log,SGDClassifier Logistic Loss,sgd,medium,count_word__sgd_log,completed,0.6,0.5558667911609088,0.5408029878618115,0.5833333333333334,0.6190476190476191,0.014478206634521484,0.0016684532165527344,16.828125,56.464052287581694,99.47646106719971,85,73.70052097160988,
35,count_bigram,CountVectorizer 1-2 grams,count_ngram,low,sgd_hinge,SGDClassifier Hinge Loss,sgd,medium,count_bigram__sgd_hinge,completed,0.6,0.5555555555555556,0.55,0.5462962962962963,0.6111111111111112,0.006600379943847656,0.0010640621185302734,44.849609375,56.583333333333336,98.99956180572511,85,73.67074569447836,
36,tfidf_word,TF-IDF Word,tfidf,low,complement_nb,Complement Naive Bayes,naive_bayes,low,tfidf_word__complement_nb,completed,0.55,0.5177489177489177,0.5036363636363637,0.49603174603174605,0.5714285714285714,0.008034229278564453,0.0033075809478759766,28.1650390625,52.36948051948052,99.19003898620605,100,73.6412220829555,
37,tfidf_word,TF-IDF Word,tfidf,low,linear_svc,LinearSVC,margin_based,medium,tfidf_word__linear_svc,completed,0.55,0.5710041592394534,0.5540998217468805,0.6,0.5634920634920635,0.006834745407104492,0.0016999244689941406,18.9375,56.32174688057041,99.47824605941773,85,73.62260999619727,
38,hashing_word,HashingVectorizer Word,hashing,medium,complement_nb,Complement Naive Bayes,naive_bayes,low,hashing_word__complement_nb,completed,0.6,0.5607142857142857,0.5458928571428572,0.5462962962962963,0.6190476190476191,0.0029554367065429688,0.0010886192321777344,113.3994140625,56.831250000000004,97.64896194458008,85,73.53697988891602,
39,hashing_char,HashingVectorizer Character,char_hashing,medium,logreg_balanced,Logistic Regression Balanced,linear,low,hashing_char__logreg_balanced,completed,0.6,0.5547619047619048,0.5467857142857143,0.5416666666666666,0.6111111111111112,0.05683755874633789,0.004702091217041016,97.4697265625,56.4875,97.42745464324952,85,73.3036159286499,
40,tfidf_word,TF-IDF Word,tfidf,low,sgd_log,SGDClassifier Logistic Loss,sgd,medium,tfidf_word__sgd_log,completed,0.55,0.5555555555555556,0.5416666666666666,0.5592592592592592,0.5634920634920635,0.010457277297973633,0.0019376277923583984,19.20703125,55.208333333333336,99.43685804367067,85,73.00195494206747,
41,hashing_word,HashingVectorizer Word,hashing,medium,random_forest_small,Small Random Forest,tree_based,high,hashing_word__random_forest_small,completed,0.65,0.6384615384615385,0.6303846153846154,0.6444444444444444,0.6666666666666666,0.09050273895263672,0.004712343215942383,137.837890625,64.01346153846154,96.41748516082764,55,72.74090087831938,
42,count_bigram,CountVectorizer 1-2 grams,count_ngram,low,ridge_classifier,Ridge Classifier,linear,low,count_bigram__ridge_classifier,completed,0.5,0.513888888888889,0.4979166666666666,0.5222222222222223,0.5158730158730159,0.014986753463745117,0.0016999244689941406,44.5830078125,50.802083333333336,98.91642385482788,100,72.72443060429892,
43,hashing_word,HashingVectorizer Word,hashing,medium,linear_svc,LinearSVC,margin_based,medium,hashing_word__linear_svc,completed,0.6,0.5851851851851851,0.5644444444444445,0.5959595959595959,0.6190476190476191,0.004402875900268555,0.0014262199401855469,49.3564453125,58.577777777777776,98.90088064193725,70,72.49795390616524,
44,count_word,CountVectorizer Word,count,low,passive_aggressive,Passive Aggressive Classifier,online_margin,medium,count_word__passive_aggressive,completed,0.55,0.5370851370851372,0.5282251082251083,0.5416666666666666,0.5634920634920635,0.007485866546630859,0.0011029243469238281,16.849609375,53.898484848484856,99.5519171524048,85,72.30455009714764,
45,tfidf_word,TF-IDF Word,tfidf,low,multinomial_nb,Multinomial Naive Bayes,naive_bayes,low,tfidf_word__multinomial_nb,completed,0.5,0.4845295055821371,0.47239234449760764,0.5166666666666667,0.5079365079365079,0.0052242279052734375,0.0019218921661376953,25.7900390625,48.65765550239234,99.3375403213501,100,71.62921859058581,
46,tfidf_word,TF-IDF Word,tfidf,low,sgd_hinge,SGDClassifier Hinge Loss,sgd,medium,tfidf_word__sgd_hinge,completed,0.55,0.5082477435418612,0.49794584500466854,0.5416666666666666,0.5634920634920636,0.006018400192260742,0.001317739486694336,19.212890625,51.71405228758171,99.50056741714478,85,71.0928422415989,
47,hashing_char,HashingVectorizer Character,char_hashing,medium,linear_svc,LinearSVC,margin_based,medium,hashing_char__linear_svc,completed,0.6,0.547463429816371,0.5391223155929039,0.5750000000000001,0.6111111111111112,0.01785898208618164,0.0047397613525390625,97.3408203125,55.93464052287582,97.66164402008056,70,70.79638109159782,
48,hashing_char,HashingVectorizer Character,char_hashing,medium,bernoulli_nb,Bernoulli Naive Bayes,naive_bayes,low,hashing_char__bernoulli_nb,completed,0.55,0.5111111111111111,0.5033333333333333,0.5151515151515151,0.5555555555555555,0.008142232894897461,0.003264188766479492,193.3212890625,51.96666666666666,95.88886949539184,85,70.50944056574504,
49,hashing_char,HashingVectorizer Character,char_hashing,medium,complement_nb,Complement Naive Bayes,naive_bayes,low,hashing_char__complement_nb,completed,0.55,0.5111111111111111,0.5033333333333333,0.5046296296296297,0.5634920634920636,0.007964849472045898,0.0026273727416992188,225.3681640625,51.96666666666666,95.28720525741576,85,70.38910771814982,
50,hashing_char,HashingVectorizer Character,char_hashing,medium,multinomial_nb,Multinomial Naive Bayes,naive_bayes,low,hashing_char__multinomial_nb,completed,0.55,0.5070889894419306,0.5016742081447964,0.5015873015873016,0.5555555555555555,0.009120941162109375,0.0027878284454345703,193.3056640625,51.70045248868778,95.91189136505128,85,70.36762714178853,
51,count_bigram,CountVectorizer 1-2 grams,count_ngram,low,logreg_balanced,Logistic Regression Balanced,linear,low,count_bigram__logreg_balanced,completed,0.45,0.470995670995671,0.4581818181818182,0.48690476190476195,0.4603174603174603,0.017736434936523438,0.0015859603881835938,44.6875,46.38246753246754,98.90467376708985,100,70.29129189627511,
52,tfidf_char_wb,Character WB TF-IDF,char_wb_tfidf,medium,bernoulli_nb,Bernoulli Naive Bayes,naive_bayes,low,tfidf_char_wb__bernoulli_nb,completed,0.55,0.5130952380952382,0.5030357142857144,0.5046296296296297,0.5634920634920636,0.013999700546264648,0.004122257232666016,284.8681640625,52.081250000000004,93.97130308151245,85,70.1889481163025,
53,tfidf_word,TF-IDF Word,tfidf,low,passive_aggressive,Passive Aggressive Classifier,online_margin,medium,tfidf_word__passive_aggressive,completed,0.5,0.5008547008547009,0.4874358974358975,0.49642857142857144,0.5158730158730159,0.005766391754150391,0.0012314319610595703,19.228515625,49.86282051282051,99.50694541931153,85,70.0759403659136,
54,count_bigram,CountVectorizer 1-2 grams,count_ngram,low,passive_aggressive,Passive Aggressive Classifier,online_margin,medium,count_bigram__passive_aggressive,completed,0.5,0.5008547008547009,0.4874358974358975,0.49642857142857144,0.5158730158730159,0.007493019104003906,0.0010116100311279297,44.865234375,49.86282051282051,98.9970405960083,85,69.97395940125294,
55,count_bigram,CountVectorizer 1-2 grams,count_ngram,low,linear_svc,LinearSVC,margin_based,medium,count_bigram__linear_svc,completed,0.5,0.5008547008547009,0.4874358974358975,0.49642857142857144,0.5158730158730159,0.0073468685150146484,0.0014309883117675781,44.52734375,49.86282051282051,98.97951261520386,85,69.97045380509206,
56,hashing_word,HashingVectorizer Word,hashing,medium,sgd_log,SGDClassifier Logistic Loss,sgd,medium,hashing_word__sgd_log,completed,0.55,0.534965034965035,0.5155594405594405,0.5171957671957672,0.5714285714285714,0.0069446563720703125,0.001531362533569336,49.6259765625,53.58129370629371,98.87393077850342,70,69.74449769416222,
57,tfidf_char,Character TF-IDF,char_tfidf,medium,bernoulli_nb,Bernoulli Naive Bayes,naive_bayes,low,tfidf_char__bernoulli_nb,completed,0.55,0.5082477435418612,0.49794584500466854,0.5416666666666666,0.5634920634920636,0.020081520080566406,0.0042572021484375,402.9462890625,51.71405228758171,91.56515296936035,85,69.50575935204202,
58,hashing_char,HashingVectorizer Character,char_hashing,medium,passive_aggressive,Passive Aggressive Classifier,online_margin,medium,hashing_char__passive_aggressive,completed,0.55,0.5130952380952382,0.5030357142857144,0.5046296296296297,0.5634920634920636,0.011368989944458008,0.0027370452880859375,97.6318359375,52.081250000000004,97.8149266242981,70,68.70767282485963,
59,hashing_char,HashingVectorizer Character,char_hashing,medium,sgd_hinge,SGDClassifier Hinge Loss,sgd,medium,hashing_char__sgd_hinge,completed,0.55,0.5071428571428571,0.495,0.5015873015873016,0.5714285714285714,0.01076960563659668,0.002750873565673828,97.6318359375,51.60357142857143,97.81769323348999,70,68.44550293241228,
60,count_bigram,CountVectorizer 1-2 grams,count_ngram,low,complement_nb,Complement Naive Bayes,naive_bayes,low,count_bigram__complement_nb,completed,0.45,0.42568542568542567,0.4136363636363637,0.4113756613756614,0.4682539682539683,0.00480961799621582,0.0009851455688476562,69.5048828125,42.99567099567099,98.52193590164185,100,68.35200622794741,
61,hashing_char,HashingVectorizer Character,char_hashing,medium,random_forest_small,Small Random Forest,tree_based,high,hashing_char__random_forest_small,completed,0.6,0.547463429816371,0.5391223155929039,0.5750000000000001,0.6111111111111112,0.10406279563903809,0.006898164749145508,144.525390625,55.93464052287582,96.07122552871704,55,68.22829739332511,
62,hashing_word,HashingVectorizer Word,hashing,medium,sgd_hinge,SGDClassifier Hinge Loss,sgd,medium,hashing_word__sgd_hinge,completed,0.55,0.49603174603174605,0.4875,0.6904761904761904,0.5714285714285714,0.0067899227142333984,0.0015583038330078125,49.6474609375,50.824404761904766,98.87281301498413,70,68.22798522204445,
63,tfidf_char,Character TF-IDF,char_tfidf,medium,ridge_classifier,Ridge Classifier,linear,low,tfidf_char__ridge_classifier,completed,0.5,0.4666666666666666,0.46333333333333326,0.46759259259259256,0.5079365079365079,0.0242617130279541,0.003800630569458008,285.8212890625,47.45,93.9099661064148,85,67.62949322128296,
64,tfidf_char,Character TF-IDF,char_tfidf,medium,logreg_balanced,Logistic Regression Balanced,linear,low,tfidf_char__logreg_balanced,completed,0.5,0.46547619047619043,0.46017857142857144,0.46296296296296297,0.5079365079365079,0.07223653793334961,0.006037235260009766,285.91015625,47.331250000000004,93.48614353179931,85,67.47941620635987,
65,hashing_word,HashingVectorizer Word,hashing,medium,passive_aggressive,Passive Aggressive Classifier,online_margin,medium,hashing_word__passive_aggressive,completed,0.5,0.4952465834818776,0.4783422459893048,0.49444444444444446,0.5158730158730159,0.007004976272583008,0.0015583038330078125,49.6630859375,49.38992869875223,98.87121019363403,70,67.43870282304053,
66,hashing_char,HashingVectorizer Character,char_hashing,medium,sgd_log,SGDClassifier Logistic Loss,sgd,medium,hashing_char__sgd_log,completed,0.5,0.4740675990675991,0.4670017482517482,0.458994708994709,0.5079365079365079,0.026705503463745117,0.0027718544006347656,97.6103515625,47.949082167832174,97.72124868392945,70,66.41624492909358,
67,hashing_word,HashingVectorizer Word,hashing,medium,bernoulli_nb,Bernoulli Naive Bayes,naive_bayes,low,hashing_word__bernoulli_nb,completed,0.5,0.4166666666666667,0.4041666666666667,0.4705882352941176,0.5,0.002996683120727539,0.0014634132385253906,97.3525390625,43.5625,97.94716432571411,85,66.29880786514283,
68,tfidf_char_wb,Character WB TF-IDF,char_wb_tfidf,medium,linear_svc,LinearSVC,margin_based,medium,tfidf_char_wb__linear_svc,completed,0.5,0.47647907647907645,0.47363636363636363,0.46957671957671954,0.5079365079365079,0.015756607055664062,0.0029087066650390625,202.046875,48.19329004329004,95.69000045776367,70,66.14430961536226,
69,tfidf_char,Character TF-IDF,char_tfidf,medium,linear_svc,LinearSVC,margin_based,medium,tfidf_char__linear_svc,completed,0.5,0.47142857142857136,0.47000000000000003,0.4825396825396826,0.5079365079365079,0.020843982696533203,0.003701925277709961,285.765625,47.835714285714275,93.9375080871582,70,65.59714447457449,
70,tfidf_bigram,TF-IDF 1-2 grams,tfidf_ngram,low,ridge_classifier,Ridge Classifier,linear,low,tfidf_bigram__ridge_classifier,completed,0.35,0.36103330220977276,0.35686274509803917,0.4174603174603175,0.34920634920634924,0.012402534484863281,0.00222015380859375,50.8837890625,35.764939309056956,98.77469978332519,100,64.42565657664636,
71,tfidf_char,Character TF-IDF,char_tfidf,medium,multinomial_nb,Multinomial Naive Bayes,naive_bayes,low,tfidf_char__multinomial_nb,completed,0.45,0.41659125188536955,0.414343891402715,0.42063492063492064,0.4523809523809524,0.022614002227783203,0.003946781158447266,402.9306640625,42.46063348416289,91.56889583587646,85,64.41712758346489,
72,tfidf_char_wb,Character WB TF-IDF,char_wb_tfidf,medium,sgd_log,SGDClassifier Logistic Loss,sgd,medium,tfidf_char_wb__sgd_log,completed,0.45,0.43846153846153846,0.4337179487179488,0.43703703703703695,0.4603174603174603,0.016628026962280273,0.0030519962310791016,202.31640625,44.06346153846154,95.67078393936157,70,63.86906063402616,
73,tfidf_char_wb,Character WB TF-IDF,char_wb_tfidf,medium,ridge_classifier,Ridge Classifier,linear,low,tfidf_char_wb__ridge_classifier,completed,0.4,0.394017094017094,0.39371794871794874,0.39999999999999997,0.4047619047619047,0.017611980438232422,0.0032300949096679688,202.1025390625,39.546794871794866,95.65847164154053,85,63.63243150779529,
74,tfidf_char_wb,Character WB TF-IDF,char_wb_tfidf,medium,logreg_balanced,Logistic Regression Balanced,linear,low,tfidf_char_wb__logreg_balanced,completed,0.4,0.394017094017094,0.39371794871794874,0.39999999999999997,0.4047619047619047,0.05730891227722168,0.005227088928222656,202.19140625,39.546794871794866,95.2986930656433,85,63.56047579261584,
75,tfidf_char_wb,Character WB TF-IDF,char_wb_tfidf,medium,complement_nb,Complement Naive Bayes,naive_bayes,low,tfidf_char_wb__complement_nb,completed,0.4,0.394017094017094,0.39371794871794874,0.39999999999999997,0.4047619047619047,0.013725996017456055,0.0030303001403808594,312.5400390625,39.546794871794866,93.4850252342224,85,63.197742226331656,
76,tfidf_char_wb,Character WB TF-IDF,char_wb_tfidf,medium,multinomial_nb,Multinomial Naive Bayes,naive_bayes,low,tfidf_char_wb__multinomial_nb,completed,0.4,0.38717948717948714,0.3834615384615384,0.3761904761904762,0.4047619047619047,0.014366626739501953,0.003168344497680664,284.8525390625,38.982692307692304,94.02664878845215,85,62.9958105269212,
77,tfidf_bigram,TF-IDF 1-2 grams,tfidf_ngram,low,passive_aggressive,Passive Aggressive Classifier,online_margin,medium,tfidf_bigram__passive_aggressive,completed,0.35,0.36103330220977276,0.35686274509803917,0.4174603174603175,0.34920634920634924,0.00848841667175293,0.0015287399291992188,51.134765625,35.764939309056956,98.83464979171754,85,62.18764657832484,
78,tfidf_bigram,TF-IDF 1-2 grams,tfidf_ngram,low,linear_svc,LinearSVC,margin_based,medium,tfidf_bigram__linear_svc,completed,0.35,0.36103330220977276,0.35686274509803917,0.4174603174603175,0.34920634920634924,0.008248567581176758,0.002073526382446289,50.84375,35.764939309056956,98.80922201156616,85,62.182561022294564,
79,tfidf_bigram,TF-IDF 1-2 grams,tfidf_ngram,low,sgd_log,SGDClassifier Logistic Loss,sgd,medium,tfidf_bigram__sgd_log,completed,0.35,0.36103330220977276,0.35686274509803917,0.4174603174603175,0.34920634920634924,0.008716344833374023,0.002286195755004883,51.11328125,35.764939309056956,98.78826456069947,85,62.17836953212122,
80,tfidf_char_wb,Character WB TF-IDF,char_wb_tfidf,medium,passive_aggressive,Passive Aggressive Classifier,online_margin,medium,tfidf_char_wb__passive_aggressive,completed,0.4,0.39926739926739924,0.39780219780219783,0.40277777777777773,0.4047619047619047,0.017660856246948242,0.0033032894134521484,202.353515625,39.92307692307692,95.64876718521118,70,61.587445744734545,
81,tfidf_svd,TF-IDF + SVD,dimensionality_reduction,high,ridge_classifier,Ridge Classifier,linear,low,tfidf_svd__ridge_classifier,completed,0.45,0.46068376068376066,0.4587179487179488,0.47222222222222215,0.4523809523809524,0.06334304809570312,0.0033757686614990234,,45.77179487179487,79.41739559173584,70,61.55796629783435,
82,count_bigram,CountVectorizer 1-2 grams,count_ngram,low,multinomial_nb,Multinomial Naive Bayes,naive_bayes,low,count_bigram__multinomial_nb,completed,0.3,0.3021645021645022,0.29909090909090913,0.305952380952381,0.30158730158730157,0.005265235900878906,0.0009834766387939453,63.1767578125,30.11623376623377,98.6458648300171,100,61.293101537431994,
83,tfidf_bigram,TF-IDF 1-2 grams,tfidf_ngram,low,logreg_balanced,Logistic Regression Balanced,linear,low,tfidf_bigram__logreg_balanced,completed,0.3,0.287962962962963,0.29125,0.3055555555555555,0.29365079365079366,0.012267112731933594,0.002138853073120117,50.97265625,29.146527777777777,98.7786130142212,100,60.78631288062202,
84,tfidf_char,Character TF-IDF,char_tfidf,medium,passive_aggressive,Passive Aggressive Classifier,online_margin,medium,tfidf_char__passive_aggressive,completed,0.4,0.38413547237076645,0.3798128342245989,0.40454545454545454,0.41269841269841273,0.02290511131286621,0.0035622119903564453,286.072265625,38.74532085561497,93.92739130020142,70,60.595404730628516,
85,tfidf_char,Character TF-IDF,char_tfidf,medium,sgd_log,SGDClassifier Logistic Loss,sgd,medium,tfidf_char__sgd_log,completed,0.4,0.38413547237076645,0.3798128342245989,0.40454545454545454,0.41269841269841273,0.027231454849243164,0.003774404525756836,286.03515625,38.74532085561497,93.88944387435913,70,60.587815245460064,
86,tfidf_char,Character TF-IDF,char_tfidf,medium,complement_nb,Complement Naive Bayes,naive_bayes,low,tfidf_char__complement_nb,completed,0.35,0.3512820512820513,0.34884615384615386,0.3666666666666667,0.35714285714285715,0.02066946029663086,0.003673553466796875,442.0556640625,35.05961538461539,90.8144567489624,85,60.19567981133095,
87,tfidf_bigram,TF-IDF 1-2 grams,tfidf_ngram,low,multinomial_nb,Multinomial Naive Bayes,naive_bayes,low,tfidf_bigram__multinomial_nb,completed,0.3,0.27481146304675713,0.278552036199095,0.2722222222222222,0.29365079365079366,0.005727052688598633,0.0014221668243408203,69.4619140625,28.166968325791853,98.49106939315797,100,60.19004645781712,
88,tfidf_svd,TF-IDF + SVD,dimensionality_reduction,high,linear_svc,LinearSVC,margin_based,medium,tfidf_svd__linear_svc,completed,0.45,0.46068376068376066,0.4587179487179488,0.47222222222222215,0.4523809523809524,0.020521879196166992,0.0033054351806640625,,45.77179487179487,79.67854261398315,55,59.36019570228381,
89,tfidf_bigram,TF-IDF 1-2 grams,tfidf_ngram,low,sgd_hinge,SGDClassifier Hinge Loss,sgd,medium,tfidf_bigram__sgd_hinge,completed,0.3,0.2914529914529915,0.2906410256410257,0.28690476190476194,0.30158730158730157,0.007983922958374023,0.001886129379272461,51.119140625,29.346794871794874,98.81654588699341,85,58.654046356885864,
90,tfidf_char,Character TF-IDF,char_tfidf,medium,sgd_hinge,SGDClassifier Hinge Loss,sgd,medium,tfidf_char__sgd_hinge,completed,0.35,0.3449197860962567,0.34451871657754013,0.3742424242424242,0.35714285714285715,0.02170562744140625,0.0035741329193115234,286.056640625,34.6129679144385,93.93418544769287,70,58.32396944247975,
91,tfidf_bigram,TF-IDF 1-2 grams,tfidf_ngram,low,complement_nb,Complement Naive Bayes,naive_bayes,low,tfidf_bigram__complement_nb,completed,0.25,0.24155844155844156,0.24454545454545454,0.2392857142857143,0.24603174603174605,0.006893634796142578,0.0014791488647460938,75.7431640625,24.411688311688312,98.35502597808838,100,58.097433767046255,
92,tfidf_char_wb,Character WB TF-IDF,char_wb_tfidf,medium,sgd_hinge,SGDClassifier Hinge Loss,sgd,medium,tfidf_char_wb__sgd_hinge,completed,0.3,0.2982905982905983,0.2998717948717949,0.3074074074074074,0.30158730158730157,0.01584482192993164,0.0032029151916503906,202.337890625,29.89551282051282,95.66599834442138,70,56.07573172016633,
93,tfidf_svd,TF-IDF + SVD,dimensionality_reduction,high,logreg_balanced,Logistic Regression Balanced,linear,low,tfidf_svd__logreg_balanced,completed,0.35,0.3490675990675991,0.35743006993007,0.36296296296296293,0.3412698412698412,0.027085065841674805,0.0033910274505615234,,35.055506993007,79.63402795791626,70,55.7073344377371,
94,tfidf_svd,TF-IDF + SVD,dimensionality_reduction,high,complement_nb,Complement Naive Bayes,naive_bayes,low,tfidf_svd__complement_nb,completed,0.3,0.24019607843137256,0.25220588235294117,0.2074074074074074,0.2857142857142857,0.03960609436035156,0.0056340694427490234,,25.69485294117647,79.42431926727295,70,50.51703297110165,
95,tfidf_svd,TF-IDF + SVD,dimensionality_reduction,high,multinomial_nb,Multinomial Naive Bayes,naive_bayes,low,tfidf_svd__multinomial_nb,completed,0.3,0.22923976608187133,0.24070175438596492,0.19444444444444442,0.2857142857142857,0.026564836502075195,0.005493879318237305,,24.864912280701756,79.51097822189331,70,50.077897398764634,
96,tfidf_svd,TF-IDF + SVD,dimensionality_reduction,high,random_forest_small,Small Random Forest,tree_based,high,tfidf_svd__random_forest_small,completed,0.35,0.3063973063973064,0.31262626262626264,0.3015151515151515,0.3412698412698412,0.19943594932556152,0.006064653396606445,,31.823232323232325,78.43950510025024,40,49.19067879782783,
97,tfidf_svd,TF-IDF + SVD,dimensionality_reduction,high,bernoulli_nb,Bernoulli Naive Bayes,naive_bayes,low,tfidf_svd__bernoulli_nb,completed,0.35,0.1728395061728395,0.18148148148148147,0.11666666666666665,0.3333333333333333,0.04010891914367676,0.0036058425903320312,,21.84259259259259,79.54299592971802,70,48.42202511186953,
98,tfidf_svd,TF-IDF + SVD,dimensionality_reduction,high,passive_aggressive,Passive Aggressive Classifier,online_margin,medium,tfidf_svd__passive_aggressive,completed,0.3,0.23558897243107768,0.2263157894736842,0.1978021978021978,0.31746031746031744,0.02252936363220215,0.003412485122680664,,25.030075187969924,79.66007471084595,55,47.94855629555265,
99,tfidf_svd,TF-IDF + SVD,dimensionality_reduction,high,sgd_hinge,SGDClassifier Hinge Loss,sgd,medium,tfidf_svd__sgd_hinge,completed,0.3,0.23558897243107768,0.2263157894736842,0.1978021978021978,0.31746031746031744,0.02266526222229004,0.0034165382385253906,,25.030075187969924,79.65901613235474,55,47.94834457985441,
100,tfidf_svd,TF-IDF + SVD,dimensionality_reduction,high,sgd_log,SGDClassifier Logistic Loss,sgd,medium,tfidf_svd__sgd_log,completed,0.3,0.23558897243107768,0.2263157894736842,0.1978021978021978,0.31746031746031744,0.025814056396484375,0.0033774375915527344,,25.030075187969924,79.64246940612793,55,47.945035234609044,
